neighbor_asn,start,end
2,2025-12-15T00:00:00,2025-12-17T08:00:00
286,2025-10-15T00:00:00,2025-12-04T08:00:00
286,2025-12-05T00:00:00,2026-01-12T16:00:00
553,2025-10-15T00:00:00,2026-01-08T16:00:00
559,2025-10-15T00:00:00,2025-12-10T00:00:00
559,2025-12-10T16:00:00,2026-01-08T16:00:00
1267,2025-10-15T00:00:00,2026-01-08T16:00:00
1764,2025-10-15T00:00:00,2025-11-05T16:00:00
1764,2025-11-06T08:00:00,2026-01-08T16:00:00
1836,2025-10-15T00:00:00,2026-01-08T16:00:00
3212,2025-10-15T00:00:00,2025-11-10T16:00:00
3212,2025-11-11T08:00:00,2026-01-07T08:00:00
3212,2026-01-08T00:00:00,2026-01-08T16:00:00
3214,2025-10-15T00:00:00,2026-01-08T16:00:00
3257,2025-10-15T00:00:00,2026-01-12T16:00:00
3333,2025-10-15T00:00:00,2026-01-08T16:00:00
3491,2025-10-15T00:00:00,2025-10-15T00:00:00
3491,2025-10-20T16:00:00,2026-01-12T16:00:00
4455,2025-10-15T00:00:00,2026-01-08T16:00:00
5398,2025-10-15T00:00:00,2025-11-05T16:00:00
5405,2025-10-15T00:00:00,2025-12-18T16:00:00
5405,2025-12-22T16:00:00,2026-01-08T16:00:00
5511,2025-10-15T00:00:00,2026-01-12T16:00:00
5713,2025-10-15T00:00:00,2026-01-08T16:00:00
6057,2025-10-15T00:00:00,2026-01-07T08:00:00
6057,2026-01-08T00:00:00,2026-01-08T16:00:00
6204,2025-10-15T00:00:00,2026-01-08T16:00:00
6233,2025-10-15T00:00:00,2025-12-17T16:00:00
6424,2025-10-15T00:00:00,2026-01-08T16:00:00
6453,2025-10-15T00:00:00,2026-01-12T16:00:00
6663,2025-10-15T00:00:00,2025-11-11T16:00:00
6663,2025-11-12T16:00:00,2026-01-07T08:00:00
6663,2026-01-08T00:00:00,2026-01-08T16:00:00
6695,2025-10-15T00:00:00,2025-12-04T16:00:00
6695,2025-12-05T08:00:00,2026-01-08T16:00:00
6762,2025-10-15T00:00:00,2026-01-12T16:00:00
6939,2025-10-15T00:00:00,2026-01-09T08:00:00
7195,2025-10-15T00:00:00,2025-10-15T00:00:00
7195,2025-10-15T16:00:00,2025-10-30T16:00:00
7195,2025-10-31T08:00:00,2025-11-23T00:00:00
7713,2025-10-15T00:00:00,2025-10-20T16:00:00
7713,2025-10-21T08:00:00,2025-10-21T08:00:00
7713,2025-10-29T00:00:00,2025-10-29T00:00:00
7713,2025-11-03T16:00:00,2025-11-05T00:00:00
7713,2025-11-05T16:00:00,2026-01-08T16:00:00
8220,2025-10-15T00:00:00,2026-01-10T08:00:00
8283,2025-10-15T00:00:00,2025-11-10T00:00:00
8283,2025-11-11T08:00:00,2025-11-11T16:00:00
8283,2025-11-12T16:00:00,2025-11-15T08:00:00
8283,2025-11-16T00:00:00,2025-11-29T00:00:00
8283,2025-11-29T16:00:00,2025-11-30T08:00:00
8283,2025-12-27T00:00:00,2026-01-08T16:00:00
8298,2025-10-15T00:00:00,2026-01-08T16:00:00
8529,2025-10-15T00:00:00,2026-01-08T16:00:00
8674,2025-10-15T00:00:00,2026-01-08T16:00:00
8758,2025-10-15T00:00:00,2026-01-10T08:00:00
8888,2025-10-15T00:00:00,2025-10-23T08:00:00
8932,2025-10-15T00:00:00,2025-10-16T16:00:00
8932,2025-11-10T08:00:00,2025-11-11T08:00:00
9050,2025-10-15T00:00:00,2025-11-07T08:00:00
9930,2025-10-15T00:00:00,2025-10-28T16:00:00
9930,2025-10-29T08:00:00,2026-01-08T16:00:00
12389,2025-10-15T00:00:00,2026-01-12T16:00:00
12552,2025-11-04T00:00:00,2025-11-04T00:00:00
12552,2025-11-07T08:00:00,2025-11-07T16:00:00
12552,2025-11-20T00:00:00,2025-11-20T08:00:00
12552,2025-11-21T00:00:00,2025-11-21T08:00:00
12552,2025-11-28T16:00:00,2025-11-29T00:00:00
12552,2025-12-09T00:00:00,2025-12-09T00:00:00
12779,2025-10-15T00:00:00,2026-01-08T16:00:00
12859,2025-10-15T00:00:00,2026-01-08T16:00:00
12880,2025-10-15T00:00:00,2026-01-12T16:00:00
13237,2025-10-15T00:00:00,2026-01-08T16:00:00
14630,2025-10-15T00:00:00,2026-01-08T16:00:00
14840,2025-10-15T00:00:00,2026-01-08T16:00:00
14907,2025-10-15T00:00:00,2026-01-08T16:00:00
15547,2025-10-15T00:00:00,2026-01-08T16:00:00
15958,2025-10-15T00:00:00,2025-10-17T08:00:00
15958,2025-10-18T08:00:00,2025-12-02T16:00:00
15958,2025-12-03T08:00:00,2025-12-16T00:00:00
15958,2025-12-16T16:00:00,2026-01-08T16:00:00
16235,2025-10-15T00:00:00,2025-10-17T08:00:00
16235,2025-10-18T00:00:00,2025-10-27T08:00:00
16235,2025-10-28T00:00:00,2025-10-28T08:00:00
17557,2025-10-15T00:00:00,2025-10-15T00:00:00
17557,2025-10-16T00:00:00,2025-10-16T08:00:00
17557,2025-10-17T08:00:00,2025-10-17T08:00:00
17557,2025-10-18T00:00:00,2025-10-19T16:00:00
17557,2025-10-20T08:00:00,2025-10-20T16:00:00
17557,2025-10-22T16:00:00,2025-10-23T08:00:00
17557,2025-10-24T00:00:00,2025-10-25T08:00:00
17557,2025-10-26T08:00:00,2025-10-26T08:00:00
17557,2025-10-27T00:00:00,2025-10-27T00:00:00
17557,2025-10-27T16:00:00,2025-10-27T16:00:00
17557,2025-10-28T08:00:00,2025-10-28T08:00:00
17557,2025-10-29T00:00:00,2025-10-29T00:00:00
17557,2025-11-01T16:00:00,2025-11-02T00:00:00
17557,2025-11-03T00:00:00,2025-11-03T08:00:00
17557,2025-11-04T08:00:00,2025-11-04T08:00:00
17557,2025-11-05T16:00:00,2025-11-07T00:00:00
17557,2025-11-08T00:00:00,2025-11-08T16:00:00
17557,2025-11-09T08:00:00,2025-11-09T08:00:00
17557,2025-11-10T00:00:00,2025-11-10T00:00:00
17557,2025-11-10T16:00:00,2025-11-10T16:00:00
17557,2025-11-11T16:00:00,2025-11-12T08:00:00
17557,2025-11-15T00:00:00,2025-11-15T08:00:00
17557,2025-11-16T08:00:00,2025-11-16T08:00:00
17557,2025-11-19T00:00:00,2025-11-19T00:00:00
17557,2025-11-20T00:00:00,2025-11-20T00:00:00
17557,2025-11-21T00:00:00,2025-11-21T00:00:00
17557,2025-11-21T16:00:00,2025-11-21T16:00:00
17557,2025-11-22T16:00:00,2025-11-22T16:00:00
17557,2025-11-24T08:00:00,2025-11-24T08:00:00
17557,2025-11-25T00:00:00,2025-11-25T08:00:00
17557,2025-11-26T00:00:00,2025-11-27T00:00:00
17557,2025-11-28T08:00:00,2025-11-29T00:00:00
17557,2025-11-29T16:00:00,2025-12-01T00:00:00
17557,2025-12-02T00:00:00,2025-12-04T00:00:00
17557,2025-12-04T16:00:00,2025-12-04T16:00:00
17557,2025-12-06T08:00:00,2025-12-08T00:00:00
17557,2025-12-10T08:00:00,2025-12-10T08:00:00
17557,2025-12-12T00:00:00,2025-12-12T08:00:00
17557,2025-12-15T00:00:00,2025-12-16T00:00:00
17557,2025-12-17T08:00:00,2025-12-17T08:00:00
17557,2025-12-18T08:00:00,2025-12-18T08:00:00
17557,2025-12-21T00:00:00,2025-12-21T08:00:00
17557,2025-12-23T16:00:00,2025-12-24T00:00:00
17557,2025-12-24T16:00:00,2025-12-24T16:00:00
17557,2025-12-25T08:00:00,2025-12-27T08:00:00
17557,2025-12-30T00:00:00,2025-12-30T16:00:00
18106,2025-10-15T00:00:00,2025-12-31T00:00:00
18106,2025-12-31T16:00:00,2026-01-08T16:00:00
20485,2025-10-15T00:00:00,2026-01-08T16:00:00
20562,2025-10-15T08:00:00,2026-01-08T16:00:00
20764,2025-10-15T00:00:00,2026-01-08T16:00:00
20932,2025-10-15T00:00:00,2026-01-08T16:00:00
21215,2025-11-10T08:00:00,2025-11-10T08:00:00
21341,2025-10-15T08:00:00,2025-10-27T08:00:00
21341,2025-10-28T00:00:00,2025-10-28T16:00:00
21412,2025-10-15T00:00:00,2025-10-28T16:00:00
21412,2025-10-29T08:00:00,2025-11-03T16:00:00
21412,2025-11-04T08:00:00,2025-11-27T00:00:00
21412,2025-11-27T16:00:00,2025-11-30T16:00:00
21412,2025-12-01T08:00:00,2026-01-08T16:00:00
22356,2025-10-21T08:00:00,2025-10-21T08:00:00
22356,2025-10-27T16:00:00,2025-10-28T08:00:00
22356,2025-10-29T16:00:00,2025-11-23T00:00:00
22356,2026-01-07T16:00:00,2026-01-11T00:00:00
24482,2025-10-15T00:00:00,2026-01-08T16:00:00
24631,2025-10-15T00:00:00,2025-10-27T08:00:00
24631,2025-10-28T00:00:00,2025-10-28T16:00:00
24889,2025-10-15T00:00:00,2025-11-10T00:00:00
24889,2025-11-10T16:00:00,2025-11-21T08:00:00
24889,2025-11-22T00:00:00,2025-11-25T16:00:00
24889,2025-11-26T08:00:00,2025-12-02T08:00:00
24889,2025-12-04T00:00:00,2026-01-08T16:00:00
24940,2025-11-03T00:00:00,2025-11-04T08:00:00
24961,2025-10-15T00:00:00,2026-01-12T16:00:00
25091,2025-10-15T00:00:00,2026-01-08T16:00:00
25160,2025-10-15T00:00:00,2026-01-08T16:00:00
25184,2025-10-15T00:00:00,2026-01-12T16:00:00
25220,2025-10-15T00:00:00,2026-01-08T16:00:00
28663,2025-10-19T16:00:00,2025-10-21T00:00:00
28663,2025-10-21T16:00:00,2025-10-21T16:00:00
28663,2025-10-27T16:00:00,2025-10-28T08:00:00
28716,2025-10-15T00:00:00,2025-12-10T16:00:00
28716,2025-12-11T16:00:00,2026-01-08T16:00:00
29049,2025-10-15T00:00:00,2026-01-12T16:00:00
29075,2025-10-15T00:00:00,2025-12-04T16:00:00
29075,2025-12-05T08:00:00,2026-01-08T16:00:00
29140,2025-10-15T00:00:00,2026-01-08T16:00:00
29208,2025-10-15T00:00:00,2026-01-08T16:00:00
30844,2025-10-18T08:00:00,2025-10-18T08:00:00
30844,2025-11-04T00:00:00,2025-11-04T00:00:00
30844,2025-11-07T08:00:00,2025-11-07T16:00:00
30844,2025-11-20T00:00:00,2025-11-20T08:00:00
30844,2025-11-21T00:00:00,2025-11-21T08:00:00
30844,2025-11-28T16:00:00,2025-11-29T00:00:00
30844,2026-01-08T16:00:00,2026-01-08T16:00:00
30902,2025-10-15T00:00:00,2025-10-21T08:00:00
31027,2025-10-15T00:00:00,2026-01-08T16:00:00
31510,2025-10-15T00:00:00,2026-01-08T16:00:00
31549,2025-10-15T00:00:00,2026-01-12T16:00:00
33891,2025-10-15T00:00:00,2026-01-12T16:00:00
34019,2025-10-15T00:00:00,2026-01-08T16:00:00
34177,2025-10-15T00:00:00,2025-11-22T16:00:00
34177,2025-11-27T16:00:00,2025-12-10T08:00:00
34177,2025-12-11T00:00:00,2026-01-08T16:00:00
34288,2025-10-15T00:00:00,2026-01-08T16:00:00
34549,2025-10-15T00:00:00,2026-01-08T16:00:00
34918,2025-10-15T00:00:00,2025-10-17T08:00:00
34918,2025-10-18T00:00:00,2025-10-28T08:00:00
34927,2025-10-15T00:00:00,2025-10-19T08:00:00
34927,2025-10-25T16:00:00,2025-12-06T08:00:00
34984,2025-10-15T00:00:00,2026-01-12T16:00:00
35043,2025-10-15T00:00:00,2025-10-27T08:00:00
35043,2025-10-28T00:00:00,2025-10-28T16:00:00
35280,2025-10-15T00:00:00,2026-01-08T16:00:00
35320,2026-01-07T16:00:00,2026-01-07T16:00:00
35360,2025-10-15T00:00:00,2025-12-04T16:00:00
35360,2025-12-05T08:00:00,2026-01-08T16:00:00
35372,2025-10-15T00:00:00,2025-10-27T08:00:00
35372,2025-10-28T00:00:00,2025-10-28T16:00:00
35598,2025-10-15T00:00:00,2026-01-08T16:00:00
35615,2025-10-15T00:00:00,2025-10-27T08:00:00
35615,2025-10-28T00:00:00,2025-10-28T16:00:00
35625,2025-10-15T00:00:00,2026-01-08T16:00:00
35710,2025-10-15T00:00:00,2025-11-26T16:00:00
35710,2025-11-27T16:00:00,2026-01-08T16:00:00
36236,2025-10-15T00:00:00,2026-01-08T16:00:00
37100,2025-10-15T00:00:00,2026-01-08T16:00:00
37468,2025-10-15T00:00:00,2025-11-06T08:00:00
37468,2025-11-07T00:00:00,2026-01-08T16:00:00
37721,2025-10-15T00:00:00,2025-10-19T00:00:00
37721,2025-10-19T16:00:00,2026-01-08T16:00:00
39074,2025-10-15T00:00:00,2025-10-27T08:00:00
39074,2025-10-28T00:00:00,2025-11-07T08:00:00
39120,2025-12-02T16:00:00,2025-12-02T16:00:00
39120,2025-12-14T16:00:00,2026-01-08T16:00:00
39200,2025-10-15T00:00:00,2026-01-12T16:00:00
39351,2025-10-15T00:00:00,2026-01-08T16:00:00
39364,2025-10-15T00:00:00,2025-11-07T08:00:00
39533,2025-10-15T00:00:00,2026-01-12T16:00:00
41227,2025-10-15T00:00:00,2025-10-21T08:00:00
41327,2025-10-15T00:00:00,2026-01-08T16:00:00
41689,2025-10-15T00:00:00,2026-01-12T16:00:00
41881,2025-10-15T00:00:00,2025-10-27T08:00:00
41881,2025-10-28T00:00:00,2025-11-07T08:00:00
42337,2025-10-15T00:00:00,2026-01-12T16:00:00
42440,2025-10-15T00:00:00,2026-01-12T16:00:00
42541,2025-10-15T00:00:00,2026-01-08T16:00:00
42586,2025-10-22T16:00:00,2025-10-27T08:00:00
42586,2025-10-28T00:00:00,2025-10-28T16:00:00
43395,2025-10-15T00:00:00,2025-10-27T08:00:00
43395,2025-10-28T00:00:00,2025-11-07T08:00:00
43727,2025-10-21T00:00:00,2025-10-21T00:00:00
43727,2025-10-27T00:00:00,2025-10-27T00:00:00
43727,2025-10-30T00:00:00,2025-10-30T00:00:00
43727,2025-11-10T00:00:00,2025-11-10T00:00:00
43727,2025-11-21T16:00:00,2025-11-21T16:00:00
43727,2025-12-05T08:00:00,2025-12-05T08:00:00
43733,2025-10-15T00:00:00,2025-10-16T16:00:00
43733,2025-11-10T08:00:00,2025-11-11T08:00:00
43754,2025-10-15T00:00:00,2025-11-07T08:00:00
44090,2025-10-15T00:00:00,2025-10-17T08:00:00
44090,2025-10-18T00:00:00,2025-10-27T08:00:00
44090,2025-10-28T00:00:00,2025-10-28T08:00:00
44244,2025-10-15T00:00:00,2026-01-12T16:00:00
44400,2025-10-15T00:00:00,2025-10-27T08:00:00
44400,2025-10-28T00:00:00,2025-11-07T08:00:00
44436,2025-10-15T00:00:00,2025-10-27T08:00:00
44436,2025-10-28T00:00:00,2025-10-28T16:00:00
44901,2025-10-15T00:00:00,2026-01-08T16:00:00
45489,2025-10-15T00:00:00,2026-01-08T16:00:00
47147,2025-10-15T00:00:00,2026-01-08T16:00:00
47188,2025-10-15T00:00:00,2026-01-12T16:00:00
47216,2025-10-15T08:00:00,2025-10-27T08:00:00
47216,2025-10-28T00:00:00,2025-10-28T08:00:00
47330,2025-10-15T00:00:00,2025-10-17T08:00:00
47330,2025-10-18T00:00:00,2025-10-28T08:00:00
47376,2025-10-15T00:00:00,2025-10-27T08:00:00
47376,2025-10-28T00:00:00,2025-11-07T08:00:00
47692,2025-10-15T00:00:00,2026-01-07T08:00:00
47692,2026-01-08T00:00:00,2026-01-08T16:00:00
47734,2025-10-15T00:00:00,2026-01-08T16:00:00
48147,2025-10-15T00:00:00,2025-11-03T16:00:00
48147,2025-11-04T08:00:00,2026-01-08T16:00:00
48159,2025-10-15T00:00:00,2026-01-12T16:00:00
48359,2025-10-15T00:00:00,2025-10-17T08:00:00
48359,2025-10-18T00:00:00,2025-10-27T08:00:00
48359,2025-10-28T00:00:00,2025-10-28T08:00:00
48362,2025-10-15T00:00:00,2026-01-08T16:00:00
48434,2025-10-15T00:00:00,2025-10-21T08:00:00
48903,2025-10-15T00:00:00,2025-12-15T08:00:00
48903,2025-12-30T08:00:00,2026-01-12T00:00:00
48919,2025-10-15T00:00:00,2026-01-07T08:00:00
48919,2026-01-08T00:00:00,2026-01-08T16:00:00
49099,2025-10-15T00:00:00,2025-10-21T08:00:00
49100,2025-10-15T00:00:00,2025-11-07T08:00:00
49103,2025-10-15T00:00:00,2025-10-27T08:00:00
49103,2025-10-28T00:00:00,2025-10-28T16:00:00
49228,2025-10-15T00:00:00,2025-10-28T08:00:00
49433,2025-10-15T00:00:00,2025-10-27T08:00:00
49433,2025-10-28T00:00:00,2025-10-28T16:00:00
49544,2025-10-15T00:00:00,2026-01-08T16:00:00
49605,2025-10-15T00:00:00,2026-01-08T16:00:00
49801,2025-10-15T00:00:00,2025-10-21T08:00:00
49832,2025-10-15T00:00:00,2026-01-12T16:00:00
49847,2025-10-15T00:00:00,2025-10-27T08:00:00
49847,2025-10-28T00:00:00,2025-10-29T00:00:00
50629,2025-10-15T00:00:00,2025-11-05T08:00:00
50673,2025-10-15T00:00:00,2026-01-08T16:00:00
50692,2025-10-15T00:00:00,2025-10-27T08:00:00
50692,2025-10-28T00:00:00,2025-10-28T16:00:00
50810,2025-10-15T00:00:00,2025-10-28T16:00:00
50855,2025-10-15T00:00:00,2025-10-27T08:00:00
50855,2025-10-28T00:00:00,2025-11-07T08:00:00
51074,2025-11-05T00:00:00,2025-11-07T08:00:00
51184,2025-10-15T00:00:00,2026-01-07T08:00:00
51184,2026-01-08T00:00:00,2026-01-08T16:00:00
51185,2025-11-04T00:00:00,2025-11-04T00:00:00
51185,2025-11-07T08:00:00,2025-11-07T16:00:00
51185,2025-11-11T08:00:00,2025-11-11T16:00:00
51185,2025-11-20T00:00:00,2025-11-20T08:00:00
51185,2025-11-21T00:00:00,2025-11-21T08:00:00
51185,2025-11-28T16:00:00,2025-11-29T00:00:00
51431,2025-10-15T00:00:00,2025-10-17T08:00:00
51431,2025-10-18T00:00:00,2025-10-27T08:00:00
51431,2025-10-28T00:00:00,2025-10-28T08:00:00
51759,2025-10-15T00:00:00,2025-10-21T08:00:00
51785,2025-10-15T00:00:00,2025-10-21T08:00:00
51788,2025-10-15T00:00:00,2025-10-27T08:00:00
51788,2025-10-28T00:00:00,2025-10-28T16:00:00
51889,2025-10-15T00:00:00,2025-10-21T00:00:00
51889,2025-10-23T00:00:00,2025-10-25T00:00:00
51889,2025-10-25T16:00:00,2025-10-27T08:00:00
51889,2025-10-28T00:00:00,2025-10-28T00:00:00
51889,2025-10-31T00:00:00,2025-11-07T08:00:00
52320,2025-10-15T00:00:00,2026-01-08T16:00:00
55850,2025-10-15T00:00:00,2025-11-06T00:00:00
55850,2025-11-15T08:00:00,2025-12-22T00:00:00
55850,2025-12-22T16:00:00,2026-01-08T16:00:00
56616,2025-10-19T16:00:00,2025-10-27T08:00:00
56616,2025-10-28T00:00:00,2025-11-07T08:00:00
56987,2025-10-15T00:00:00,2025-12-04T16:00:00
56987,2025-12-05T08:00:00,2026-01-08T16:00:00
57218,2025-10-15T00:00:00,2026-01-12T16:00:00
57695,2025-10-15T00:00:00,2025-11-21T00:00:00
57777,2025-10-23T08:00:00,2025-10-23T08:00:00
57986,2025-10-15T00:00:00,2025-10-25T16:00:00
57986,2025-10-26T08:00:00,2025-10-27T08:00:00
57986,2025-10-28T00:00:00,2025-10-28T16:00:00
58057,2025-10-15T00:00:00,2026-01-08T16:00:00
58224,2025-10-15T00:00:00,2026-01-12T16:00:00
58256,2025-10-19T16:00:00,2025-10-27T08:00:00
58256,2025-10-28T00:00:00,2025-11-06T08:00:00
58299,2025-10-15T00:00:00,2026-01-08T16:00:00
59501,2025-11-05T00:00:00,2025-11-07T08:00:00
59838,2025-10-15T00:00:00,2025-10-27T08:00:00
59838,2025-10-28T00:00:00,2025-10-28T16:00:00
59961,2025-10-15T08:00:00,2025-10-27T08:00:00
59961,2025-10-28T00:00:00,2025-10-28T16:00:00
59962,2025-10-15T00:00:00,2025-10-27T08:00:00
59962,2025-10-28T00:00:00,2025-11-07T08:00:00
60171,2025-10-15T00:00:00,2026-01-08T16:00:00
60248,2025-10-23T08:00:00,2025-10-27T08:00:00
60248,2025-10-28T00:00:00,2025-10-28T16:00:00
61176,2025-11-01T16:00:00,2025-11-01T16:00:00
61176,2025-11-03T08:00:00,2025-11-03T08:00:00
61250,2025-10-15T00:00:00,2025-10-17T08:00:00
61250,2025-10-18T00:00:00,2025-10-21T08:00:00
61250,2025-10-23T00:00:00,2025-10-27T08:00:00
61250,2025-10-28T00:00:00,2025-10-28T16:00:00
61573,2025-10-15T00:00:00,2025-10-26T00:00:00
61573,2025-10-26T16:00:00,2025-11-06T08:00:00
61573,2025-11-07T00:00:00,2025-12-11T16:00:00
61573,2025-12-12T08:00:00,2025-12-12T08:00:00
61573,2025-12-15T16:00:00,2026-01-07T08:00:00
61573,2026-01-08T00:00:00,2026-01-08T16:00:00
62039,2025-10-15T08:00:00,2025-10-15T08:00:00
62039,2025-10-16T08:00:00,2025-10-16T08:00:00
62039,2025-10-18T08:00:00,2025-10-18T08:00:00
62039,2025-10-19T08:00:00,2025-10-19T08:00:00
62039,2025-10-20T08:00:00,2025-10-20T08:00:00
62039,2025-10-21T08:00:00,2025-10-21T08:00:00
62039,2025-10-22T08:00:00,2025-10-22T08:00:00
62039,2025-10-23T08:00:00,2025-10-23T08:00:00
62039,2025-10-25T08:00:00,2025-10-27T08:00:00
62039,2025-10-28T00:00:00,2025-11-07T08:00:00
62048,2025-10-15T00:00:00,2025-10-27T08:00:00
62048,2025-10-28T00:00:00,2025-10-28T16:00:00
62275,2025-10-15T00:00:00,2025-11-05T16:00:00
62275,2025-11-09T00:00:00,2025-11-09T00:00:00
62275,2025-12-06T16:00:00,2025-12-06T16:00:00
62275,2025-12-09T00:00:00,2025-12-09T00:00:00
62275,2025-12-19T00:00:00,2025-12-22T08:00:00
62275,2026-01-08T16:00:00,2026-01-08T16:00:00
62318,2025-10-28T00:00:00,2025-10-28T00:00:00
62442,2025-10-15T00:00:00,2025-10-17T08:00:00
62442,2025-10-18T00:00:00,2025-10-27T08:00:00
62442,2025-10-28T00:00:00,2025-10-28T08:00:00
64475,2025-10-15T00:00:00,2026-01-08T16:00:00
137409,2025-10-15T00:00:00,2026-01-08T16:00:00
142271,2025-10-15T00:00:00,2025-12-15T00:00:00
142271,2025-12-16T16:00:00,2026-01-08T16:00:00
197207,2025-10-15T00:00:00,2026-01-12T16:00:00
198150,2025-10-15T00:00:00,2026-01-12T16:00:00
198154,2025-10-15T00:00:00,2025-10-25T16:00:00
198154,2025-10-26T08:00:00,2025-10-27T08:00:00
198154,2025-10-28T00:00:00,2025-10-28T16:00:00
198341,2025-10-15T00:00:00,2025-10-27T08:00:00
198341,2025-10-28T00:00:00,2025-10-28T16:00:00
198385,2025-10-15T00:00:00,2026-01-08T16:00:00
198569,2025-10-15T00:00:00,2025-10-17T08:00:00
198569,2025-10-18T00:00:00,2025-10-27T08:00:00
198569,2025-10-28T00:00:00,2025-10-28T08:00:00
199524,2025-10-15T00:00:00,2026-01-08T16:00:00
199938,2025-10-15T00:00:00,2026-01-08T16:00:00
200252,2025-10-15T00:00:00,2025-10-21T00:00:00
200252,2025-10-23T00:00:00,2025-10-25T00:00:00
200252,2025-10-25T16:00:00,2025-10-27T08:00:00
200252,2025-10-28T00:00:00,2025-10-28T00:00:00
200252,2025-10-31T00:00:00,2025-11-07T08:00:00
200376,2025-10-15T00:00:00,2025-10-17T08:00:00
200376,2025-10-18T00:00:00,2025-10-27T08:00:00
200376,2025-10-28T00:00:00,2025-10-28T08:00:00
200554,2025-10-15T00:00:00,2025-10-27T08:00:00
200554,2025-10-28T00:00:00,2025-10-28T08:00:00
200554,2025-10-30T16:00:00,2025-11-07T08:00:00
200612,2025-10-15T00:00:00,2026-01-08T16:00:00
201150,2025-10-15T00:00:00,2025-10-17T08:00:00
201150,2025-10-18T00:00:00,2025-10-27T08:00:00
201150,2025-10-28T00:00:00,2025-10-28T08:00:00
201194,2025-10-15T00:00:00,2025-10-17T08:00:00
201194,2025-10-18T00:00:00,2025-10-27T08:00:00
201194,2025-10-28T00:00:00,2025-10-28T08:00:00
202251,2025-10-15T00:00:00,2025-10-17T08:00:00
202251,2025-10-18T00:00:00,2025-10-28T08:00:00
202391,2025-10-15T00:00:00,2025-10-27T08:00:00
202391,2025-10-28T00:00:00,2025-10-28T16:00:00
202468,2025-10-15T00:00:00,2026-01-12T16:00:00
203684,2025-10-15T00:00:00,2025-10-17T08:00:00
203684,2025-10-18T00:00:00,2025-10-27T08:00:00
203684,2025-10-28T00:00:00,2025-10-28T08:00:00
203895,2025-10-15T00:00:00,2025-10-17T08:00:00
203895,2025-10-18T00:00:00,2025-10-27T08:00:00
203895,2025-10-28T00:00:00,2025-10-28T08:00:00
204104,2025-10-15T00:00:00,2025-10-27T08:00:00
204104,2025-10-28T00:00:00,2025-11-06T08:00:00
204203,2025-10-19T16:00:00,2025-10-27T08:00:00
204203,2025-10-28T00:00:00,2025-11-06T08:00:00
204533,2025-10-15T00:00:00,2025-10-21T08:00:00
204650,2025-10-15T00:00:00,2025-10-27T08:00:00
204650,2025-10-28T00:00:00,2025-11-06T08:00:00
205103,2025-10-21T00:00:00,2025-10-21T00:00:00
205103,2025-10-24T00:00:00,2025-10-24T00:00:00
205103,2025-10-27T00:00:00,2025-10-27T00:00:00
205103,2025-10-30T00:00:00,2025-11-06T00:00:00
205103,2025-11-06T16:00:00,2025-11-08T16:00:00
205103,2025-11-10T00:00:00,2025-11-10T00:00:00
205103,2025-11-11T16:00:00,2025-11-11T16:00:00
205103,2025-11-25T00:00:00,2025-11-25T00:00:00
205103,2025-11-26T00:00:00,2025-11-26T00:00:00
205103,2025-12-04T16:00:00,2025-12-04T16:00:00
205103,2025-12-05T08:00:00,2025-12-05T08:00:00
205103,2025-12-06T08:00:00,2025-12-06T08:00:00
205112,2025-10-15T00:00:00,2026-01-08T16:00:00
205207,2025-10-15T00:00:00,2025-10-25T16:00:00
205207,2025-10-26T08:00:00,2025-10-27T08:00:00
205207,2025-10-28T00:00:00,2025-10-28T16:00:00
205647,2025-10-15T00:00:00,2026-01-12T16:00:00
206065,2025-10-15T00:00:00,2025-10-27T08:00:00
206065,2025-10-28T00:00:00,2025-10-28T16:00:00
206356,2025-10-15T00:00:00,2026-01-08T16:00:00
206388,2025-10-15T00:00:00,2025-10-17T08:00:00
206388,2025-10-18T00:00:00,2025-10-27T08:00:00
206388,2025-10-28T00:00:00,2025-10-28T08:00:00
206507,2025-10-15T00:00:00,2025-10-17T08:00:00
206507,2025-10-18T00:00:00,2025-10-27T08:00:00
206507,2025-10-28T00:00:00,2025-10-28T08:00:00
208161,2025-10-15T08:00:00,2025-10-27T08:00:00
208161,2025-10-28T00:00:00,2025-10-28T16:00:00
208412,2025-10-15T00:00:00,2025-10-17T08:00:00
208412,2025-10-18T00:00:00,2025-10-28T08:00:00
208972,2025-10-15T00:00:00,2025-10-21T16:00:00
208972,2025-10-22T08:00:00,2026-01-08T16:00:00
209823,2025-11-01T00:00:00,2026-01-08T16:00:00
209836,2025-10-15T00:00:00,2025-10-17T08:00:00
209836,2025-10-18T00:00:00,2025-10-27T08:00:00
209836,2025-10-28T00:00:00,2025-10-28T08:00:00
210064,2025-10-15T00:00:00,2025-10-27T08:00:00
210064,2025-10-28T00:00:00,2025-10-28T08:00:00
210650,2025-10-15T00:00:00,2025-10-21T08:00:00
210937,2025-10-15T00:00:00,2026-01-08T16:00:00
211056,2025-10-15T00:00:00,2025-10-27T08:00:00
211056,2025-10-28T00:00:00,2025-11-03T00:00:00
211056,2025-11-06T00:00:00,2025-11-06T08:00:00
211421,2025-10-15T00:00:00,2025-10-27T08:00:00
211421,2025-10-28T00:00:00,2025-10-28T08:00:00
211703,2025-10-15T00:00:00,2025-10-21T08:00:00
211881,2025-10-15T00:00:00,2025-10-28T16:00:00
211904,2025-10-15T00:00:00,2025-10-27T08:00:00
211904,2025-10-28T00:00:00,2025-11-03T00:00:00
211904,2025-11-06T00:00:00,2025-11-06T08:00:00
212024,2025-12-22T16:00:00,2026-01-08T16:00:00
212077,2025-10-15T00:00:00,2025-10-17T08:00:00
212077,2025-10-18T00:00:00,2025-10-27T08:00:00
212077,2025-10-28T00:00:00,2025-10-28T08:00:00
212355,2025-10-25T16:00:00,2025-10-25T16:00:00
212483,2025-10-15T00:00:00,2026-01-08T16:00:00
212508,2025-10-15T00:00:00,2025-10-23T08:00:00
213151,2025-10-15T00:00:00,2026-01-08T16:00:00
213241,2025-10-15T00:00:00,2026-01-08T16:00:00
213644,2025-10-15T00:00:00,2025-10-17T08:00:00
213644,2025-10-18T00:00:00,2025-10-21T00:00:00
213644,2025-10-23T08:00:00,2025-10-25T00:00:00
213644,2025-10-25T16:00:00,2025-10-27T08:00:00
213644,2025-10-28T00:00:00,2025-10-28T00:00:00
213732,2025-10-15T00:00:00,2025-10-20T16:00:00
213759,2025-10-15T00:00:00,2025-10-21T08:00:00
213775,2025-10-15T00:00:00,2025-10-27T08:00:00
213775,2025-10-28T00:00:00,2025-10-28T16:00:00
213807,2025-10-15T00:00:00,2025-10-27T08:00:00
213807,2025-10-28T00:00:00,2025-10-28T16:00:00
213807,2025-11-05T16:00:00,2025-11-06T08:00:00
213852,2025-10-15T00:00:00,2025-10-27T08:00:00
213852,2025-10-28T00:00:00,2025-10-28T16:00:00
214171,2025-10-15T00:00:00,2025-10-21T08:00:00
214184,2025-10-15T00:00:00,2025-10-17T08:00:00
214184,2025-10-18T00:00:00,2025-10-21T08:00:00
214475,2025-10-20T16:00:00,2025-10-21T00:00:00
214515,2025-10-15T00:00:00,2025-10-17T08:00:00
214515,2025-10-18T00:00:00,2025-10-20T08:00:00
214922,2025-10-15T00:00:00,2025-11-03T00:00:00
214922,2025-11-06T00:00:00,2025-11-06T08:00:00
215285,2025-10-15T00:00:00,2025-10-27T08:00:00
215285,2025-10-28T00:00:00,2025-11-06T08:00:00
215350,2025-10-15T00:00:00,2025-10-17T08:00:00
215350,2025-10-18T00:00:00,2025-10-27T08:00:00
215350,2025-10-28T00:00:00,2025-10-28T08:00:00
215496,2025-10-15T00:00:00,2025-10-17T08:00:00
215496,2025-10-18T00:00:00,2025-10-27T08:00:00
215496,2025-10-28T00:00:00,2025-10-28T08:00:00
215655,2025-10-19T16:00:00,2025-10-27T08:00:00
215655,2025-10-28T00:00:00,2025-10-28T16:00:00
215938,2025-10-15T00:00:00,2025-10-27T08:00:00
215938,2025-10-28T00:00:00,2025-10-28T08:00:00
216067,2025-10-15T00:00:00,2025-11-20T00:00:00
216067,2025-11-20T16:00:00,2025-12-04T16:00:00
216067,2025-12-05T08:00:00,2026-01-12T16:00:00
216125,2025-10-15T00:00:00,2025-10-27T08:00:00
216125,2025-10-28T00:00:00,2025-10-28T08:00:00
216383,2025-10-15T00:00:00,2026-01-12T16:00:00
263444,2025-10-15T00:00:00,2025-10-25T08:00:00
263444,2025-10-26T00:00:00,2025-11-13T08:00:00
263444,2025-11-14T08:00:00,2025-11-23T00:00:00
264409,2025-10-15T00:00:00,2025-10-15T16:00:00
264409,2025-10-17T16:00:00,2025-10-21T16:00:00
264409,2025-10-22T08:00:00,2025-10-23T08:00:00
264409,2025-10-24T00:00:00,2025-10-30T16:00:00
